year,total_sales,transactions,basket_size,sales_growth,trans_growth,basket_growth
2013,140419013.9196172,29107173,4.824206525299355,,,
2014,209474246.3015439,30006929,6.9808625301690785,49.17797843350282,3.09118305649263,44.70488553007992
2015,240880100.6547402,31312370,7.692809603831975,14.9927043098113,4.350465187557173,10.198554556633743
2016,287411353.8400011,31052337,9.255707673145539,19.317184382928907,-0.8304481583476409,20.31634928979713
