holiday_status,avg_sales
비휴일,159.73670470190137
휴일,149.8880088493091
