offset,national_avg_sales,local_avg_sales
-3,715401.5073890958,46211.76198614206
-2,731541.7859526798,46306.32447347664
-1,721151.8545940614,45469.70987779439
0,735160.3676768872,48395.65451086262
1,730249.3643629,52035.901603889724
2,743251.7938859577,47930.59158190374
3,693211.2329732951,45931.462963313585
