has_promo,avg_sales,count
0,158.90078120599102,2374613
1,1140.6712898954856,599545
