type,avg_daily_sales,total_sales,records
A,23235.5121569842,349020628.1100597,15021
B,10738.812105828481,143384619.2370219,13352
C,6489.482056073145,162464183.2737912,25035
D,11564.232574759993,347412675.0109397,30042
E,8827.07064566784,58929523.6304785,6676
