year,total_sales
2013,140419013.9196172
2014,209474246.3015439
2015,240880100.6547402
2016,288654522.9538961
2017,181783745.4324936
