model,CV_MAPE,Test_MAPE,RMSE,R2
Prophet,44.7368970478706,9.945159989629266,126843.62214471774,0.44221173704187267
XGBoost,6.022134203970831,5.968628046194754,83114.84279382435,0.7605089563091536
LightGBM,6.151358974139276,6.661283365754906,88024.91173289473,0.7313769365658107
CatBoost,5.945014499687096,5.984152324940214,81867.6126219423,0.7676426830952948
